name,size,type,date,user
Commit 1,100,merge,02-20-2015,ullly
Commit 2,50,commit,02-20-2015,ullly
Commit 3,20,commit,02-20-2015,ullly
Commit 4,10,merge,02-20-2015,ullly
Commit 5,100,merge,02-21-2015,ullly
Commit 6,50,commit,02-21-2015,ullly
Commit 7,20,commit,02-21-2015,ullly
Commit 8,10,merge,02-21-2015,ullly
Commit 9,100,merge,02-22-2015,ullly
Commit 10,50,commit,02-22-2015,ullly
Commit 11,20,commit,02-22-2015,ullly
Commit 12,10,merge,02-22-2015,ullly
Commit 13,100,merge,02-23-2015,ullly
Commit 14,50,commit,02-23-2015,ullly
Commit 15,20,commit,02-23-2015,ullly
Commit 16,10,merge,02-23-2015,ullly
Commit 17,100,merge,02-24-2015,ullly
Commit 18,50,commit,02-24-2015,ullly
Commit 19,20,commit,02-24-2015,ullly
Commit 20,10,merge,02-24-2015,ullly
Commit 21,100,merge,02-25-2015,ullly
Commit 22,50,commit,02-25-2015,ullly
Commit 23,20,commit,02-25-2015,ullly
Commit 24,10,merge,02-25-2015,ullly
Commit 25,100,merge,02-26-2015,ullly
Commit 26,50,commit,02-26-2015,ullly
Commit 27,20,commit,02-26-2015,ullly
Commit 28,10,merge,02-26-2015,ullly
Commit 29,10,merge,02-27-2015,ullly
